Why do programmers always mix up Halloween and Christmas? Because Oct 31 equals Dec 25.,"What is fast, loud, and crunchy? A rocket chip!",I told my wife she should embrace her mistakes. She gave me a hug.,Why do bodybuilders always carry a blender? Just in case they get a chance to mix up their routine!
There are 10 types of people in the world: those who understand binary and those who don’t.,Why was the math book sad? Because it had too many problems.,"I finally got eight hours of sleep. It took me three days, but whatever.",I wear black to the gym because it’s like a funeral for my fat.
Why was the JavaScript developer sad? Because he didn’t Node how to Express himself.,Why did the kid throw his clock out the window? He wanted to see time fly!,You know you're getting old when your back goes out more than you do.,Why do bodybuilders make terrible wizards? They can't work their magic on cheat days.
"I told my friend 10 jokes about binary. Sadly, he didn’t laugh at 2 of them.",What do you call an alligator in a vest? An investigator!,I'm reading a book on anti-gravity. It's impossible to put down.,"My gym locker is like a fridge, because that's where I store all my whey."
Why do Java developers wear glasses? Because they can't C#!.,Why don't scientists trust atoms? Because they make up everything!,"Age is an issue of mind over matter. If you don’t mind, it doesn’t matter.",How many bodybuilders does it take to screw in a light bulb? Six. One to screw it in and five to tell him how much better they could've done it.
"Programming is like writing a book... except if you miss a single comma on page 126, the whole thing makes no sense.",What do you get when you cross a snowman and a vampire? Frostbite.,I've reached an age where my train of thought often leaves the station without me.,"If at first you don't succeed at the gym, try, try a rep!"
Why do programmers hate nature? It has too many bugs.,Why did the bicycle fall over? Because it was two-tired!,You know you're getting old when the candles cost more than the cake.,Why was the gym evacuated? Because of a dumbbell fire alarm.
How do you comfort a JavaScript bug? You console it.,What do you call a bear with no teeth? A gummy bear!,I don't feel old. I don't feel anything until noon.,What's a bodybuilder's favorite element? Brotein.
Why did the programmer quit his job? Because he didn't get arrays.,How do you catch a squirrel? Climb a tree and act like a nut!,"As I've gotten older, I've decided to start recycling. I'm using the same candles for all my birthdays now.",Why don’t bodybuilders get into fights? They don’t want to lose their gains.
Why was the computer cold? It left its Windows open.,Why did the tomato turn red? Because it saw the salad dressing.,"They say age is just a number. Yeah, and jail is just a room!",How do bodybuilders make their coffee? With muscle milk.
What's a programmer's favorite hangout place? Foo Bar.,What's orange and sounds like a parrot? A carrot!,You know you’re old when you turn down the lights to be economical instead of romantic.,I told my girlfriend she was drawing her eyebrows too high. She looked surprised.
"Why do programmers prefer iOS to Android? Because when they can't solve a problem, they just iSolve.",What do you call cheese that isn't yours? Nacho cheese!,"You're not old, you're just... chronologically gifted!",Why was the dumbbell getting smarter? It was gaining intelligence.
"How do programmers start a race? On your mark, get set, code!",Why did the golfer bring two pairs of pants? In case he got a hole in one.,I'm at an age where my back goes out more than I do.,Why do bodybuilders eat so many chicken breasts? Because their pecks aren't big enough.
Why don't programmers like to go outside? The glare on their screens makes it hard to see the bugs.,What do you call a fake noodle? An impasta!,Old age is coming at a really bad time!,"I don’t believe in bodybuilding. My body is built, I just need to paint it."
"I had a joke about time travel, but you guys didn't like it.",Why did the scarecrow win an award? Because he was outstanding in his field!,"When I was young, I felt like a man trapped inside a woman’s body. Then I was born.",Why did the personal trainer break up with his girlfriend? Lack of gains.
Why do programmers prefer dark mode? Because light attracts bugs.,How do you make a tissue dance? Put a little boogie in it!,The best part about being over 40 is we did most of our stupid stuff before the internet.,A bodybuilder broke up with his dumbbell set. It just wasn't working out.
Why are assembly programmers always soaking wet? They work below C-level.,What did the zero say to the eight? Nice belt!,I’m at a point in my life where my back goes out more than I do.,What's a bodybuilder's favorite book? 'The Lord of the Reps.'
How do programmers open doors? They use a keylogger.,What do you call a sleeping bull? A bulldozer!,"At my age, I don’t really give advice. I just share what were bad ideas.",How does a bodybuilder take a selfie? With a muscle memory card.
"Why was the developer unhappy at the job? He wanted arrays, but they kept giving him strings.",Why couldn't the bicycle stand up by itself? It was two tired.,I don’t call them gray hairs. I call them my wisdom highlights.,Why did the bodybuilder become a baker? He wanted to knead the dough.
What do you call a programmer from Scandinavia? Nerdic.,What do you call a pile of cats? A meowtain.,You know you’re getting old when the little old gray-haired lady you helped across the street is your wife.,Why don't bodybuilders trust stairs? Because they're always up to something.